ID      	USERNAME            	PASSWORD       	TITLE 	FIRST_NAME 	LAST_NAME   	GENDER 	CITY                   	STATE 	ZIP   	COUNTRY 	PHONE        	EMAIL                             	RATING
7508028 	Kareem_Schultz      	6Deron64       	Miss  	Gilda      	Champlin    	F      	Jerodburgh             	AZ    	33379 	RU      	073-283-3868 	Nikki.Okuneva@Raul.name           	6
9119663 	Jon_Sipes           	1Delfina30     	Mrs.  	Ismael     	Dibbert     	F      	East Jaden             	CO    	45993 	IN      	877-268-1673 	Erna.Hickle@yahoo.com             	5
5585159 	Santino.Casper      	7Judd45        	Mr.   	Alejandrin 	Abshire     	F      	Port Alysson           	IA    	24872 	IT      	987-033-9684 	Brannon.Harber@yahoo.com          	3
1096672 	Brycen.Runte        	7Maximillian14 	Mrs.  	Griffin    	Lueilwitz   	F      	Briahaven              	DE    	88914 	ES      	855-654-4778 	Mazie.Mertz@Lolita.tv             	6
3644760 	Macy_Larson         	5Colten17      	Ms.   	Tobin      	Zieme       	F      	East Cleve             	NY    	80841 	MX      	341-488-9491 	Wehner.Mathew@yahoo.com           	3
5339207 	Dena.Schumm         	1Francisca91   	Miss  	Newton     	Vandervort  	F      	Newelltown             	RI    	59811 	US      	306-869-5679 	Metz_Rashad@yahoo.com             	3
6519428 	Yasmeen.Glover      	5Terrance27    	Mrs.  	Alize      	Powlowski   	F      	Javontestad            	UT    	18885 	PT      	946-840-5033 	Tillman.Raphael@yahoo.com         	2
7953426 	Jace_Schimmel       	3Serena88      	Miss  	Claire     	Rempel      	F      	New Jayden             	MS    	27772 	RU      	957-001-4001 	Noel_Effertz@Justina.org          	2
8711486 	Huels.Georgianna    	1Sydney92      	Mr.   	Maurice    	Roberts     	F      	West Declan            	CA    	37853 	IE      	535-053-2814 	Zechariah_Kemmer@Alek.org         	3
9239683 	Adolfo_Kuhn         	9Jayce14       	Ms.   	Myles      	Sporer      	F      	North Gerard           	IN    	04968 	IE      	943-837-3127 	Myrtle_Mills@yahoo.com            	4
7565122 	Myrtle_Buckridge    	8Donato17      	Ms.   	Shaina     	Ziemann     	F      	Lake Thalia            	AZ    	19946 	FR      	094-058-7374 	Cassie.Ratke@Daphney.info         	4
3074369 	Arnulfo_Wilkinson   	5Angel34       	Mr.   	Maida      	Corkery     	F      	East Daishachester     	UT    	33836 	MX      	532-305-4158 	Gutkowski.Anderson@gmail.com      	5
8864228 	Jessie_Littel       	3Eldred81      	Dr.   	Burley     	Balistreri  	F      	South Cristopher       	WY    	27231 	MX      	146-255-6575 	Berge_Zena@Vaughn.name            	2
2534770 	Flossie_Rolfson     	6Alivia67      	Ms.   	Bryce      	Gerhold     	F      	South Rickey           	KY    	10776 	IT      	642-409-8400 	Mittie.Harvey@Daugherty.io        	2
4188247 	Eryn_Rosenbaum      	2Alexandria21  	Mr.   	Toby       	Boyer       	F      	Lake Jaylon            	IN    	41231 	IE      	230-537-7021 	Armani_Anderson@Brock.tv          	1
3066781 	Yasmin_Bayer        	1Lyric81       	Ms.   	Angel      	Lehner      	F      	East Lauren            	VT    	20309 	FR      	613-098-4843 	Smith_Natalie@hotmail.com         	2
3847812 	Curt_Ritchie        	0Giovanny06    	Ms.   	Jasmin     	Bergstrom   	F      	DuBuqueshire           	MT    	46409 	CN      	895-614-4767 	Carmel.Witting@Kuhlman.biz        	3
5833214 	Eleonore.Homenick   	8Madyson77     	Ms.   	Kyla       	Leffler     	F      	South Chloeland        	AZ    	51599 	DE      	698-182-8762 	Raphael.Schaden@Felicita.us       	2
7643618 	Aliya.Weimann       	3Darlene31     	Ms.   	Judge      	Mohr        	F      	Lake Luis              	TX    	47923 	ES      	337-741-2956 	Evans.Moen@Genoveva.net           	4
5950284 	Corwin.Asia         	0Grayce54      	Mr.   	Felicia    	Spencer     	F      	South Kadin            	NV    	88495 	CN      	218-076-1655 	Volkman_Jeffery@gmail.com         	1
9451442 	Jovanny_Quigley     	3Electa05      	Miss  	Zita       	Goldner     	F      	Moriahtown             	WA    	20321 	RU      	989-024-1309 	Tyra_Morissette@yahoo.com         	1
6795924 	Alva.Paucek         	8Magnus93      	Mr.   	Mathias    	Toy         	F      	North Hobart           	OH    	50335 	RU      	027-868-6547 	Rene.Koch@yahoo.com               	6
2824892 	Mario_Hodkiewicz    	5Hettie17      	Miss  	Tiffany    	Dach        	F      	Norrisfort             	ID    	74640 	MX      	429-128-9306 	Jazmin.Mertz@Schmidt.us           	5
6365419 	Mac.Mills           	2Sabryna79     	Mrs.  	Sarah      	Davis       	F      	Champlinburgh          	PA    	83989 	GB      	090-360-4485 	Lauren.Hauck@Daniela.tv           	2
6374285 	Lang_Ilene          	2Charlie29     	Miss  	Vivianne   	Ryan        	F      	Lake Margueritechester 	VT    	25876 	IT      	770-353-5269 	Bogan_Herman@Cummerata.ca         	2
8946260 	Richard.Armstrong   	7Ottilie84     	Ms.   	Myra       	Hickle      	F      	South Pamelaside       	KY    	70603 	RU      	615-287-6470 	Ferry_Kenna@hotmail.com           	1
4403209 	Theodore_Feeney     	9Janelle05     	Miss  	Trevion    	Denesik     	F      	South Oran             	FL    	54508 	GB      	359-202-0520 	Sporer.Winnifred@Angelica.biz     	1
2152656 	Nicolas_Jovany      	0Ernie88       	Miss  	Kelsi      	Ratke       	F      	West Reyna             	CA    	86931 	CA      	349-869-3259 	Una_Bartoletti@hotmail.com        	6
1892958 	Baron.Parisian      	4Edwardo33     	Miss  	Bridget    	VonRueden   	F      	South Carolina         	GA    	87307 	RU      	569-520-9852 	Heather.Wuckert@Jones.ca          	6
6201933 	Lucious.Rice        	5Rosetta52     	Mrs.  	Tyreek     	Nienow      	F      	West Jaydon            	NH    	51172 	RU      	398-248-0918 	Rhoda_Kuhic@Kaleigh.org           	6
2984400 	Greg_Skiles         	2Mariela26     	Ms.   	Kathleen   	Howe        	F      	Modestoland            	KY    	62612 	DE      	584-414-4483 	Lia.Sipes@Altenwerth.com          	3
4248108 	Vallie_Yost         	8Willow58      	Miss  	Jo         	Mann        	F      	West Christina         	SC    	58574 	PT      	588-900-5588 	Eden_Rutherford@Reinhold.net      	3
8722002 	Grady_Arianna       	9Tyreek61      	Dr.   	Shaylee    	Thompson    	F      	Bennettshire           	IN    	80324 	FR      	298-155-6349 	Wilkinson_Evans@yahoo.com         	6
8763520 	Senger.Katlynn      	5Ansel85       	Dr.   	Dylan      	Abernathy   	F      	Vivianhaven            	MO    	09524 	DE      	033-023-2739 	Aiyana_Watsica@yahoo.com          	4
1025065 	Bernardo.Smitham    	2Robyn59       	Ms.   	Lawson     	Bergnaum    	F      	New Jason              	CA    	58252 	PT      	638-784-1069 	Gutmann.Wilhelmine@hotmail.com    	3
3465306 	Stefanie.McLaughlin 	5Pablo02       	Mrs.  	Omer       	Gislason    	F      	Ethylhaven             	CT    	09205 	RU      	012-599-1032 	Haley_Lavonne@Clay.com            	2
5349688 	Wisozk.Zula         	6Matilde05     	Mrs.  	Jonatan    	Friesen     	F      	West Jedediah          	NH    	33092 	IT      	058-554-4338 	Bailey.Andy@yahoo.com             	0
6107884 	Nigel_Johns         	2Ashlynn70     	Ms.   	Roger      	Kemmer      	F      	Melliestad             	IA    	93359 	ES      	437-698-0447 	Emie.Littel@Feest.name            	2
5227025 	Isaac_Stracke       	0Cullen75      	Mr.   	Maryam     	Nikolaus    	F      	Madilynchester         	MD    	28115 	IN      	991-672-4916 	Adan_Grady@Audra.biz              	2
2316647 	Hayley.McClure      	7Donnell79     	Miss  	Clarabelle 	Brown       	F      	Lake Antonia           	ND    	75340 	PT      	954-896-2395 	Leonor_McCullough@Greenholt.co.uk 	6
5502496 	Schuster.Linnea     	7Edwardo04     	Mrs.  	Kavon      	Welch       	F      	Lake Ludie             	NH    	02443 	GB      	015-596-4862 	Makayla.Grady@Phoebe.net          	4
1620817 	Isaiah.Baumbach     	4Lavinia60     	Mr.   	Jules      	Turner      	F      	New Deshawn            	OR    	09549 	FR      	160-528-6217 	Berge_Rodolfo@hotmail.com         	5
8861863 	Reichel.Otha        	5Nannie05      	Ms.   	Wilhelm    	Goodwin     	F      	North Brianne          	VA    	44229 	MX      	721-288-7177 	Junius_Kuvalis@Modesta.com        	0
4094401 	Daugherty_Carlee    	6Trycia84      	Miss  	Delphia    	Kunze       	F      	Palmaside              	UT    	23450 	FR      	751-127-9612 	Audrey.Fadel@Brown.name           	4
7461267 	Zieme_Lambert       	2Garth67       	Ms.   	Titus      	Wyman       	F      	Turnerburgh            	SD    	75064 	DE      	365-571-2721 	Hegmann.Alysha@Gerson.biz         	6
3024673 	Rusty.Braun         	8Alisa88       	Mrs.  	Alize      	Dare        	F      	Kassulkechester        	DE    	09928 	IN      	919-066-2590 	Winfield_Lakin@Jessica.me         	2
9441392 	Jeramy.Nader        	0Patricia50    	Mrs.  	Elvie      	Graham      	F      	South Savion           	MT    	27652 	RU      	004-244-0429 	Bell_Quigley@hotmail.com          	3
4470880 	Sophie_Heller       	5Christ76      	Miss  	Dashawn    	Sipes       	F      	Jasenview              	DE    	80334 	CA      	867-691-2849 	Karelle.Batz@Lynch.biz            	1
2688643 	Christiana.Champlin 	3Willie58      	Mr.   	Blanca     	Torp        	F      	Ricoborough            	WI    	80506 	DE      	128-908-0676 	Schuster_Deion@yahoo.com          	4
4985158 	Emmy_Schaden        	6Marcia90      	Ms.   	Enrique    	Swaniawski  	F      	Enaberg                	NH    	78308 	MX      	870-831-9426 	Hilpert.Trisha@yahoo.com          	1
3982592 	Lowell_Klein        	5Tessie50      	Miss  	Reyes      	Greenfelder 	F      	East Hymanfurt         	OH    	07549 	IN      	434-422-4663 	Emmitt_Ernser@Jacobi.name         	2
4702592 	Korbin.Tillman      	0Odie32        	Mr.   	Kassandra  	Altenwerth  	F      	Olsonchester           	DC    	43620 	ES      	344-385-2985 	Bud_Towne@Pasquale.biz            	3
4391538 	Ulises_Cruickshank  	4Roxanne14     	Mrs.  	Jasen      	Berge       	F      	Martabury              	MI    	83087 	IN      	542-114-9046 	Wilton_Lehner@Elna.co.uk          	2
6843804 	Greenfelder_Juliana 	2Jodie06       	Ms.   	Johnson    	Stoltenberg 	F      	Bryceton               	UT    	86624 	FR      	550-782-5370 	Ursula_Lind@Nienow.com            	2
3272213 	Erika_Hahn          	8Gilda80       	Mr.   	Lera       	Borer       	F      	New Karine             	SC    	73527 	ES      	796-174-1571 	Rozella_Harber@Pollich.net        	4
3992631 	Ward.Stroman        	7Queen09       	Miss  	Kirk       	Farrell     	F      	Armstrongview          	OK    	12522 	PT      	687-644-0257 	Jaida.Gottlieb@yahoo.com          	1
6724043 	Teagan.Crona        	5Bailey72      	Mrs.  	Alek       	Collins     	F      	West Gavin             	AK    	37498 	MX      	972-477-3064 	Ed.Pagac@gmail.com                	4
9439555 	Reinhold.Jerde      	9Dominique02   	Mrs.  	Hoyt       	Powlowski   	F      	East Brad              	CA    	16833 	GB      	578-130-4682 	Garrison_Prosacco@Johnathon.me    	1
2394945 	Lesch.Makenzie      	4Leone69       	Dr.   	Giovani    	Schumm      	F      	Trentville             	HI    	37368 	US      	051-579-8673 	Rick.Keebler@Margarett.me         	0
9610791 	Sierra.Koepp        	9Savannah54    	Mrs.  	Erling     	Hansen      	F      	Lindsaytown            	OR    	97448 	PT      	005-898-2033 	Timmothy.Smitham@gmail.com        	1
5933649 	Jaqueline.Prohaska  	8Laurianne24   	Mrs.  	Deondre    	Pouros      	F      	South Chelsealand      	TX    	25614 	DE      	233-071-7341 	Myrtice.Lebsack@gmail.com         	4
3095772 	Loy_Bayer           	6Chris36       	Mrs.  	Buster     	Koepp       	F      	East Arloland          	NH    	97243 	FR      	268-663-4898 	Crona_Jermey@Dach.biz             	4
2833520 	Hettinger_Malcolm   	9Cesar21       	Ms.   	Aida       	Bins        	F      	West Dominiquehaven    	PA    	01434 	DE      	796-445-3351 	Edyth.Stracke@hotmail.com         	5
5237816 	Lia_Runolfsdottir   	3Treva07       	Mrs.  	Margarette 	Runte       	F      	Lake Aurelie           	OK    	61000 	CN      	205-194-1537 	Lueilwitz.Ibrahim@Okuneva.com     	1
8557617 	Erick.Walker        	1Naomie36      	Mr.   	Winston    	Walsh       	F      	North Annettefort      	TN    	37715 	CA      	561-663-2568 	Lennie_Kiehn@Leffler.io           	4
5062985 	Lambert_Blick       	5Waldo85       	Miss  	Vernon     	Grady       	F      	Dannyburgh             	VA    	57531 	IT      	348-245-6620 	Gottlieb.Luis@yahoo.com           	0
8223564 	Schinner.Rudolph    	3Mateo51       	Dr.   	Kadin      	Jaskolski   	F      	Lake Damien            	ID    	21778 	CN      	431-215-6417 	Donnell.Quigley@yahoo.com         	1
3944453 	Dean.Gutkowski      	4Clement95     	Miss  	Jovan      	Medhurst    	F      	South Cydneyfort       	TN    	33101 	DE      	763-687-7284 	Barney.Hilll@Citlalli.net         	5
8823648 	Cruickshank_Hank    	4Percival95    	Mr.   	Brandy     	Spencer     	F      	South Delphine         	CT    	56656 	IE      	795-108-3556 	Richie_Kuhic@Darrel.tv            	2
9639680 	Darren_Block        	2Henri16       	Miss  	Jarvis     	Schinner    	F      	South Kenna            	OH    	13434 	US      	619-617-5616 	Thiel_Burdette@hotmail.com        	3
2196747 	Garrick_Goyette     	4Gregorio25    	Dr.   	Leslie     	Casper      	F      	Port Florida           	OH    	29574 	IT      	116-298-9116 	Everett.Gusikowski@yahoo.com      	6
3359885 	Reilly.Simonis      	6Eldora17      	Dr.   	Ericka     	Leffler     	F      	Patienceport           	AL    	73882 	ES      	869-317-7449 	Haley_Myrtis@gmail.com            	2
2269606 	Tierra_Kiehn        	0Paula92       	Miss  	Arely      	Prosacco    	F      	South Mortonberg       	DC    	22395 	IN      	395-481-6401 	Beryl.Kihn@yahoo.com              	4
2759932 	Monroe.Kuphal       	7Patience83    	Mrs.  	Sandra     	Hagenes     	F      	New Julius             	ME    	18781 	GB      	350-496-9100 	Karianne_VonRueden@Rachel.me      	1
7756294 	Magdalena_Hermann   	0Teagan36      	Mr.   	Ezequiel   	Rath        	F      	Pouroshaven            	VA    	67211 	RU      	851-432-2504 	Kameron_Wehner@hotmail.com        	0
9230901 	Wyman_Lindgren      	5Dianna97      	Mrs.  	Vena       	Mueller     	F      	West Missouri          	MS    	88761 	IN      	019-931-4623 	Dustin_Kling@Lois.name            	4
5935018 	Langworth_Jerry     	0Jared49       	Miss  	Joesph     	Runolfsson  	F      	Guidoport              	VA    	33170 	DE      	246-613-5122 	Edwin.Oberbrunner@Padberg.biz     	1
2634796 	Eleazar_Pfeffer     	1Lazaro17      	Mr.   	Shaylee    	Heller      	F      	Lake Ursula            	TX    	21120 	US      	599-030-9481 	Jordyn.Gibson@Labadie.info        	5
2342727 	Hackett.Emiliano    	8Eryn91        	Mr.   	Dangelo    	Effertz     	F      	East Jarod             	HI    	97383 	IT      	643-875-9243 	Carolyne.Effertz@Jerad.io         	3
4141604 	Jerel.Parker        	1Grayce87      	Ms.   	Ashly      	Hartmann    	F      	Sawaynview             	LA    	75357 	DE      	768-053-7915 	Ransom.Simonis@Price.biz          	1
2742835 	Mozelle.Nienow      	1Jeremy58      	Ms.   	Reginald   	Feest       	F      	New Henriettebury      	WV    	29288 	MX      	674-499-1902 	Rohan.Allene@Monroe.co.uk         	1
6636082 	Rahsaan.Stokes      	7Yvette25      	Mrs.  	Elnora     	Borer       	F      	Melvinatown            	MO    	05591 	MX      	724-933-8045 	Theo.Sauer@Chaz.name              	4
5698096 	Botsford_Blanche    	9Willa55       	Ms.   	Patsy      	Mertz       	F      	Eliborough             	DC    	33694 	GB      	937-573-3716 	Caterina_Eichmann@Little.com      	6
9632597 	Benton.Boyer        	2Dax21         	Miss  	Arvel      	Schaefer    	F      	East Lacy              	NH    	70096 	IN      	148-043-7722 	Rogers_Davis@Alta.co.uk           	3
6989245 	Morris.Fadel        	9Viviane14     	Dr.   	Deron      	Toy         	F      	South Sallie           	WA    	63832 	RU      	874-717-2986 	Mills.Nelson@Victor.name          	4
1965669 	Erdman.Garrison     	4Foster98      	Ms.   	Lola       	Kihn        	F      	Jaysonmouth            	NY    	34847 	US      	504-427-3891 	Eda.Hoeger@yahoo.com              	2
8879759 	Linnea.Swift        	5Dana62        	Miss  	Korey      	Hand        	F      	Hirthefurt             	OH    	79079 	CA      	895-968-9162 	Price.Ron@gmail.com               	3
6185805 	Hamill_Judy         	0Reyes93       	Mr.   	Aidan      	Friesen     	F      	East Alleneberg        	NH    	49444 	ES      	059-316-0809 	Kasandra.Nicolas@Sylvan.com       	6
4002450 	Lesley_Franecki     	9Modesta59     	Mr.   	Eugenia    	Kub         	F      	Corkerytown            	WI    	13407 	PT      	325-569-1618 	Daryl.Gibson@yahoo.com            	1
5973683 	Karine.Bayer        	5Cleo40        	Mrs.  	August     	Quitzon     	F      	Lake Flavie            	MT    	91672 	RU      	020-112-6402 	Sporer.Idell@hotmail.com          	1
9972719 	Lemke.Jessie        	0Antone89      	Mrs.  	Willis     	Satterfield 	F      	East Albina            	NJ    	63083 	IE      	016-055-4566 	Lizzie_Kub@Abigale.tv             	3
2575181 	Lilyan_Buckridge    	6Rico02        	Mrs.  	Tyra       	Tillman     	F      	West Quinn             	AR    	94603 	IN      	551-793-6484 	Katherine_Okuneva@Lee.me          	5
1427181 	Maria_Reynolds      	3Colt72        	Dr.   	Luis       	Hyatt       	F      	New Erynton            	SD    	32770 	MX      	123-630-1052 	Legros.Leora@hotmail.com          	0
3664160 	Edwina.Eichmann     	3Orpha28       	Ms.   	Alisa      	Grimes      	F      	Koepphaven             	WV    	55145 	CN      	700-987-4162 	Emilie.Daugherty@yahoo.com        	6
6736787 	Jalon.Ward          	8Oran09        	Ms.   	Koby       	Jacobi      	F      	Schoenburgh            	CA    	80108 	IN      	425-978-4907 	Clemmie.Effertz@Shields.biz       	0
5265453 	Gloria.Mante        	1Shad41        	Mrs.  	Arlie      	Kiehn       	F      	Gustport               	AK    	61909 	ES      	874-334-7137 	Domenick_Ward@yahoo.com           	6
6071625 	Javonte.Dach        	1Reymundo86    	Mrs.  	Alvah      	Lowe        	F      	New Nathanbury         	IN    	06620 	MX      	420-341-7316 	Beier.Randall@Pollich.com         	5
9328772 	Henriette_Nader     	2Mandy96       	Mrs.  	Patrick    	Spinka      	F      	Dedricmouth            	CA    	40527 	CN      	544-804-6270 	Nicolas.Zane@Braun.name           	2
5266711 	Barrows.Neha        	6Pearline66    	Mrs.  	Etha       	Cronin      	F      	East Laurianeburgh     	RI    	00081 	IN      	722-689-7987 	Mertz.Cicero@gmail.com            	2
4724471 	Alana_Crona         	2Colby28       	Mr.   	Tatyana    	Ferry       	F      	Wizaborough            	KY    	81937 	IT      	246-932-5378 	Mann.Daisha@yahoo.com             	3
